dreamxist,fa472dd5-dc4d-35a6-bcaa-3a06383f3565
efmerxksks,a4137e08-1f56-323a-80ac-9d03a1b83512
deroy,1d6710b1-5b4d-3325-8515-24183d034ef6
kokelduro,77005b11-38d0-3ed8-bd10-2a417bdcaa33
elmotolancha,227dd4f5-f5ff-3bc4-aec9-ba6670f5eabf
itspalomino,c15aa1f7-45f8-3535-9d18-b982b15a74f2
dex,cc788a02-9fb5-30cd-8ee3-8f74c597ea8d
black_cat_45,bee2c7a5-3c15-3eaf-a83c-ce9dedc91ab1
tomas2220,536f8948-91b4-333c-93a9-a72cc65ab394
rockbaider,9a1ecee3-e693-3b45-9cb8-e7f3569e3590
hisokka1312,3ae5d231-9a46-3dbd-bc16-81daa2f9a7a0
gravitycube,93361319-c2fa-352e-9ffc-b04b77682465
kath070,37861ee8-9860-3593-9dac-9c0e75936348
robertxdess,b42b8738-2ea3-3783-afe8-8d86f0e2e422
jared05,eefbc6e5-4196-3a70-ab8c-98e229d61807
brunalga,b4ffe8fd-2b3c-3da5-b31b-34759639f298
diegooceanico,08b85cd1-4a9f-3f68-b549-a6afd428f225
chelaias,cbbc9ece-1b75-3860-a064-c96597e1ef60
bastiramelo,973bf706-5129-3ce6-ac18-23f3259a2965
manwitooo,a6a3f04f-6cb4-317f-b279-081f51d771db
ruzky,29bf211a-76f4-3f62-b862-89eea6ad06bc
sonic_black,e648137c-43da-3e52-8a4a-6d0e4f48495f
zhulu,9b007cad-9b50-3c10-95e3-c96799ea7db4
alex77450,f8f4b091-2d45-3e0d-b4de-baf1d9b0c1bd
pereztroika,840ecc66-186a-318d-a4c2-7a7040064765
crissfll,72cee411-ea9d-3047-a326-8be220cf6602
rimurst,ae088c6a-5208-3d0e-8538-ed86693c5ee8
xinoekisde,374a7501-830d-340e-87c0-b38f3a309881
miloca8,a8a96f77-af8c-3c88-80aa-33dbcc2ccc41
dilaonx,4943b9b5-26ed-301b-a44b-a08282b5310d
larrygamerxxx,ac472430-2f5d-3c5c-b317-43e98669e75a
ddkaiso,9276c905-091f-3422-a32a-2a064f14759e
ignafigurita,fa81266b-dcd9-37fa-80f2-f0b511c4d200
aohry,37d422cb-6cba-31aa-9fac-db8f85946284
nachops,fcced687-2285-3aaa-877d-ea38d0938a89
choro_carloncho,fb15ae86-525f-3454-8c1d-ebae2bd032bb
jeremy1196,7a5e0c14-d898-3b69-ac46-33a25f1681aa
_bkctfgd2uubokdz,ce1f7ec5-8c67-98b9-4dbe-23a5e8c9ac42
audrix,39ed0c3e-35ad-311d-aaa0-ab9bea4b1ba6
yisusislife,86aa674d-4d28-31ed-8b12-4caf3421fca0
sombraa1231b,757c1c8c-2b33-3262-a218-531c9f030f5f
gloomy39,96d6726e-2f2c-389d-83d3-1ff2f997e8f4
eldesgraciao,eddcac38-b934-3369-8eed-a8bb6cbd738f
alejandro,4b496c8e-0130-3010-ad0c-6f317ccfdd07
berameza,640b9728-b0b6-38c7-8a17-70d02c387eb9
zpalo_cmlol,bff5661d-db14-3998-84f6-c2eda5b07555
chamullo,9e4a47fc-f1e8-3388-97c5-019d6d1a275d
mrjet_,53d8101c-8805-3d59-a7a5-30f207f7b1e4
fernanda,10fdf3f2-ce9b-3bff-becf-b6c93c83eb83
lpial,993f0017-262e-320f-8a08-535fbf2a5301
estenoesstorbo,97a49df4-c957-3e20-8c88-4fb90aac2c3a
aikosuzuki,6f1568b1-137c-3d89-a02f-297ab9849828
lorenzouz,d318e5b3-e0dd-3827-98c5-d17b4d397423
mangoplayer459,2d205723-f72d-3112-9e1a-0a717124fcc3
sebywis,c2d3d340-f056-3dd6-9636-e2893c5aa074
andres__urt,fdc0717a-3735-3338-b763-dc58380cd70f
chimi_8,ec3f46a7-abdd-3ed7-98ea-e6deedef6675
richard363,d08177c0-2cf4-31d4-bdf9-716890033081
dilaon,5137dcaa-d3b8-397c-bfc9-4c1b96013846
qfuckme2022,ea3f3fc9-70c4-30f3-8605-12589135dd0d
cedella,fba996c5-e0c2-3dfe-aeba-59434f43fc8a
nunitox,5250b5db-0f25-3151-b698-c12c71cde712
acab_mata_paco,b8dc9802-f609-314c-b1f8-ac7f07440331
gusdrog45,96e89cde-6d89-3571-a4c1-fb8f0011c834
ramyeonyon,287a75e5-cc91-317c-8a46-c4e501dd1c07
01trick,0966a57a-78b0-3a9b-be35-0dfface7e1d5
centniqqa,75323d57-ff7e-4b6c-96e2-7a25b0ba5c34
kiddcochayuyo,2b0983a7-fd9a-3422-a757-12c3852eeec0
maarielaguayo,761d3e5d-310f-3802-bc2d-357c528beb0f
alejogamer700,59486ddb-372a-319c-af80-3cbc39a6d909
cosperino,66bff70a-095e-3fdf-8ba1-98d0a63fc836
nita_00,54f64ca9-74ff-37f6-9c8d-28a799691d0e
yngpipessj,8a38b45f-5587-3947-a6a6-88983f21d837
bruninsqui,13b964a7-6ca4-3ece-a028-3f2c2d327b28
moonturtle_,7437c1e1-8b5e-3793-9f8b-7be74e921e6a
lukvvs,56395f8c-1363-379a-b56f-92429d4528bb
fatmagul,1f3598af-f738-351f-bffc-b8678d0d1000
amaro_rv,34674de9-1233-3729-985d-c6d297c03309
nariz,e01afe73-c063-344d-9b97-f0627fb33985
hna999,6430893c-f1b0-38e0-a2b0-01492a04209c
daniel3431,6d70faa2-55c3-3de8-8cfe-0fc875976ebe
salotron,3f71aa4a-5dcd-3bd2-b9d1-94b0c8c97137
gatoh50,de56e41c-977e-32d7-9a60-f4b82b4340cb
monkno,b5f45183-3d69-35f1-b0cd-241302c70b8e
m3mei,3239945b-3ec5-3a97-945f-9fbb2243b539
ramsama1,d142962c-d93b-3408-af54-353b951d6866
rrrr,79a03dc6-0b6f-39f4-86d6-0b18766081ee
_drblacky69_,c0b1d732-2896-3754-844d-f0d0443526aa
emilio,d5013a36-3139-3840-bb19-be6b9a7b6d19
antolueno,5fcbb88b-4703-3633-a691-4397c4fb0bc6
shisposbuddy123,4344d199-4bcd-3dd7-83be-5755a4c7b25d
sup3rplay,422db5e9-e39d-322d-a8dd-1cfd6d8301b9
dezowtf,e56f0963-3be0-3a5b-9ec0-b564c38eb3ee
astrowell,8c977a06-7fa6-3979-ab3d-98aecabec745
issa,afed51d2-5def-3b01-9216-3b49a9bf8160
redlolingamer,773cf953-ba3c-3a5e-94fb-159215e6bc6a
kaitanabe00,9063e6ef-28a9-386f-8240-4ff34cc4488e
dilan01,d15d4f13-184d-34da-a82f-6ca56ebfcf9e
jokers,c27405ca-0196-304a-b951-84d52bd1d959
edwardxd01,12451863-e96e-3763-9d67-e221ce84cdc7
justlele,2d54465d-6c6b-3d78-bcae-7c116e56f72e
ecrose1,6bf02030-ef59-30b9-89a7-ba8195ffac8a
matroxmatrix,0528c715-29cd-37e9-af8e-f887667bf663
moxwel,dd652d09-c77e-3313-9ff9-e0a821c358c4
leyrrah,a31ce8fe-c2d7-3521-bc1d-2f6e64f5c886
nazarenoand,e005ee70-067c-3674-beff-84fa590eda1d
srtabo,99dee500-88b7-3c7b-b7e0-b20a26de0aee
dd_kaiso,1185235d-0b6d-3eab-bf83-ff3cdedac2e6
hashiramma,33e8488b-36f7-3174-bcc9-fa21739934a5
musstapia321,6fb0f9c1-90b1-39f0-a766-5ff229e415a9
darkmil15,44491b3d-1814-36cd-abd8-b3e026323143
tomaten21,2a076d88-7cd5-3726-8740-ee1b02ce34e3
alvarx7,5e1495c0-0b18-37d8-8ed3-59b884f0ebce
srnico,02b72e97-0ded-3b08-8ad7-724fba551b2a
leftz99,68eaea26-695e-32f0-afb4-1780e8037c6d
anjelshit,05932d91-c02c-3e9b-9be6-489372fd0045
kai00,52d8521d-37e7-3b69-b68b-eedaf5293150
sragalletitac1o,bf54a847-0a02-3a07-a009-c90febb8afda
xxeloscuroxx,0a91eb94-997c-3f28-893d-506dae501a4b
weonmaximo,a4d59c74-d92c-3d86-a875-85469a5d16c6
victoriaafop,141a402b-4225-374f-a280-a17366159dc3
torre_linkox,00b240e8-6491-3b70-8940-f2de226c60c5
ixcellent,65f1fe15-1929-3c4e-acce-15583b2c557a
kritiko_,6521f4bd-90ea-3bb5-9afb-191d589f1d8d
dlt_darkgod,bc1019fe-38a4-378c-b6b4-1cd860d0222c
choclotodojunto,a5ca9778-3634-3232-a161-f588988fad2c
melexor,1a4d3ed2-db05-30ca-999b-d59992b603e1
ecrose_,f5fd8e7b-43fa-3bbc-8753-90b9d51903ed
capitanpio,75ac2a5d-bf68-3dea-b525-a506671c2dd2
eseck1,03cd74ab-49c2-3e9f-96db-c0d34e15665e
joundrix,0d75aac7-b543-34e2-9f43-a4b30d462c1c
juako_tortuga_xd,3aa990b9-0569-3b46-8fde-037d9417cb0a
k3zh_,62ab4050-6320-39db-8752-3d5ca35a950e
chech0o3,557e3a81-4358-323b-bf55-ba442a1d46af
hector_dlc,aa01a15b-7077-343a-b826-bb1f8c5ec879
roxas,b61ebd03-8702-3126-a267-7cf6bfa12e63
bellchelocranell,00b509ff-419c-3ce1-9d37-0975ef81d8ed
timwilcox24,33177dc6-09ac-31a5-a710-b97b0c8728b3
shulitoris,a5a5ff55-5f34-3eea-8020-ab0764ca47b9
ghost_legends_3,4adade1f-52eb-3226-a318-22a021abbb67
rorro3814,66adebc9-2ba2-3cf6-95e8-2dc9067ba221
yngpipessjj,7aad55da-1fc3-3ebc-b708-e6a6a85687d2
im_bnj4,25d666bc-9fa6-3eda-a1ac-b56b4028b5ef
tarafagat,34b76a71-fe02-3279-ad41-2a4d359cf7d5
regiale0403,60099212-338a-3d0b-a7b4-529f865f8a22
charlyxdd,c70b73ac-ec7f-3d66-8014-0045404d9a9f
jn3mesis,8b24b5af-54de-3526-b7b0-3cc39590a0be
potato,015a666c-ea3d-3161-8828-02fc5e37eab9
steve,53909932-f794-33c0-9329-948045a4c1ce
froag,137e046b-5d5e-349f-a8a3-c7f826933971
motorberzerk18,6e359f48-76e3-3067-af9e-a095331c5856
ali_b747,6aafcf04-3138-3dcc-a4ea-3085e54d906c
peque_salvo,c91ebdae-f628-34b9-bb6f-013a18228bb0
antonio20056,e2be9419-0d53-34f1-a686-1102ea866e22
thyftn,ec8ded22-6127-309f-8789-c67f9c681aa5
h4t3_y0u,294f2d71-5395-320f-bb1c-4c55a63c1e77
soffigh_,3d1d21a0-0a7a-3e6e-acb8-d00c96365562
takimotohifumin,3c82894f-5def-388d-a723-5c8a5269edeb
the_super_eight,01b53b15-69df-3e5f-b32f-5b6f00f8cc84
chiappeql,9da56bc3-1cfd-394c-abef-2adbf4f68f5b
guarip,9559dee2-6634-37ea-9f44-c07f6da4d9c0
dybepvp,22f0f510-f8ea-3dc4-84af-cded54fa97ab
juanpyyyy,beca1489-b4ce-316c-b25b-17d11e212709
mrtocomple,c452c103-613c-346f-9268-6618960181d0
la_moras,d35c99f8-7470-3745-b4fb-ee5ae1ab8c1b
elpixulaloka,8f350f70-48b3-36b2-8a19-9d0e74331d6f
rionio,7896059c-b3c9-30af-90d5-72b9224cb001
renatoh,012a1ca8-c8d3-3c79-952c-f1b23cef6f95
arrorrozchaufan,b165f33e-480b-358c-8e55-ae0745186ff2
darkcharlie33,faf98af7-2117-3575-a918-3c3aa9623a6c
thefinalstexts,66e9fae5-15f4-3f59-8f9a-2dadde980af1
storbo,b319b04c-ede3-36b1-ac74-131f573b07a9
zadberz,d6b44b45-6b40-3c63-9754-0af908ffaae5
nosoyzcuaro,e0cd1113-c65b-3376-a348-d401408bdcfd
atlas_zero_566,4736039c-d76a-37c0-aae9-d63176dd743a
the_ricahrd,99125b13-dd62-3a68-8798-b0843ad13e46
jucleoport,4aaad090-2868-3930-8c7b-8b03d7cd9fb9
turbostallin,432ddb65-49d0-34f1-9c8a-096dbbbb8f8d
slendyfernilo,a501de73-13d2-3d75-939b-ad8d1f0afa0e
bastiansito,a91e19f8-73fe-3bfa-88e6-e85a287fb27c
benjidiho,2c49f0a3-4fb4-35d6-b952-6163f21b9b32
27kdilan_xd,0d576a5a-dbd5-3432-8a8d-0573d4423733
xx_elucidator_xx,0a43f368-1547-3dde-b2dc-2e170add3cfa
checho131,69f79679-d411-3ae8-bc68-3317124908a4
camiix_x,e4464c37-4581-3f74-8d33-e48b4f86775f
gorge373,f4117d53-68bd-311e-94e0-b9519fb88d07
moac_,d9c5b847-6b89-3dd5-b3bd-3f29baf7cc10
brunthz,15cca2c5-e083-3f14-aab1-4a8686c2464e
lominimo,787c320a-fd61-3cad-8e98-a16e3076c079
kritiko,88e6613d-31b8-3b9c-99b3-07d4a7ccbe76
whiteleague29,d2da60ac-fe22-37f9-a3c8-11f79027748b
taylorseries,34ddaed7-8093-3fd7-906e-9c7a0d94c4af
frenton_,ccb70823-fb50-3cfc-b78b-13197eb4b551
cristopsx,02240c94-c47f-3092-bd64-3fd02df93c27
sipo_apruebo,38a49d29-06b7-3f89-9587-1d852099dcb6
bigchain,8688f5b3-2756-367f-9b98-2746690bb90f
cacot,9c394fa5-e090-3458-b13f-99797189ccc7
panchulo08,cd0dd34e-4c7a-3782-87f6-0d7ac138e9f7
xcmzbkfmtj3zlor_,bd55246e-5490-4c65-30b7-3725fbb1be88
n3stry,cb72b24c-f2fa-3721-b01e-081632a36081
pialol,08627acf-d9ee-3eff-96ef-269c83da0c11
manquito055,42b2ea35-1c2d-3153-acb7-bd984f61ba74
dtk,356405da-7e65-3bcc-8b65-7876d67db129
goddiee,15efeb06-bc5c-3554-aeef-ffebbe03375f
chipydayy,a585b405-7c96-3603-b8b2-a113493be741
pelao,94deced5-2acc-3dce-ad0a-6854b9bf20e1
_yuuichi_,3e454aa4-d2ca-3ea5-8fd9-ac5c57042c4c
masaki23,efa26f22-acc2-3c08-a341-5ed689587ac6
wizleooo,5c2984f1-1ee4-308d-b4c4-3b912510c3b7
atsel_,bcb2aed9-5ce4-3753-81d7-2aee43a25773
donlinito,b2ed86b4-99ad-3118-88aa-3d1780dbb658
ericksen_11,e1913816-cf86-3b03-a8e9-bcc22a9f79aa
whxnil,f90c62f3-69ed-3a23-99aa-dd7f9a4284bd
blacktechnologic,33fd301c-1202-36e7-9292-fe54a9b23534
smokyshark1,801db0c2-8b48-3113-b283-638f13fb0c66
crix,27e37b97-56e8-3803-a36b-c2e5b6717239
monomaczi,0b0927a2-e792-3d73-8c34-294cbd8c4ad5
sotochikito,16e93481-3676-3334-a069-8a98518a552e
phito,f5ed1d47-9fb4-32c9-acad-8ea351d5d60c
alphanext,ba4b2129-15eb-3502-8c1c-7e5b30685746
chelo_perez,e871ddab-ba9d-354c-91fc-ac1edaedc4c3
nico_0213,52f4fdf1-d7a0-34f8-9bc2-4218e125a5af
hokage,6ec177a5-b211-3977-9e43-11f6ab28f084
cristian367,c50edbb9-3bb3-32f4-9d3e-c9abd3364496
matithecreator,8e4e4b37-f728-3112-b98a-7954091473a8
desilist753,7173c792-f1b5-3db1-abc4-179f950390fc
lejudio,31626709-aef5-3455-b5cd-b45476c601e7
thorlegend108,b1ed978e-25cd-3749-9ca8-e416401e8994
xsearf,39e04631-f383-3f8a-915c-375100607505
notmrzp,257630f3-e2f7-3938-a4de-9f2b7b85ab00
orozc048,00f20f4d-bbd0-3aff-8994-ca9f757f72ff
taztico,eba705f0-932f-30af-ae42-6a21b9587e33
cnilog,5745f23f-0747-3e5e-9309-458a9a96825b
fraccoonp,ab74f815-12d0-34aa-9030-26e00f1128d3
diegoks,c45510a5-a1f8-37ab-8dfe-8f372a4bde61
s4l1er1,e2aafaea-ed4a-3364-be02-86737a6124cf
michinoyaa,03fedb30-4d76-3b2c-9cdd-325cc873329e
uwu,038a7e51-7631-38ad-97c3-6e954eadb3cd
somohprusianoh,e88507e7-2cc2-321f-a071-f96a1da6e544
zero_flux566,ba74b938-f431-3728-8db3-cd91d2be4c38
danny332,e906daa4-da77-3c77-9170-b23cb873d303
xziiches,e04ad00e-ef03-3fa5-b30f-490cc6a75f2d
lyewor_,4fdc8aae-39a0-38d0-be14-c033c5d0fd69
seba,8359dc5a-4b7d-33ce-b0dc-2971ab6a94b7
kone,fcc1090c-06b4-3685-a0d5-0ffef9ce9a4e
coronoboros,672d2ee2-e1df-3dd9-9670-064c35866e6f
enano_cello,b09c7767-649a-312d-96d3-dc0b80706c4a
diego999,10b53d22-8b1f-3714-8c88-88bce5f7c1a7
solsita,c2748b5a-db9b-3e56-9649-5849f6b73486
shaguitov,b7a3ba8c-0888-3cc0-b21f-80038a26f819
dario99,7505a77c-705e-3d9f-92bc-fbfb329c679e
kroder,e1d941b8-8243-39f9-973f-9e4e268eae5a
vking545,4140198c-e6f1-37fe-b205-46f09a6eca6c
wuatonaql,889a0047-cf0d-3891-849d-68d5b622516c
elekisdee,4915c1d5-ca67-3523-bd85-7eb5b1d56597
joaquin,386de523-e971-3ef2-a261-efcae197ceaa
cenitz,b1fe6322-29db-3a73-aa6c-3d0534d97dca
fito,e86126f0-a5a9-3987-bccc-219d1ccc778c
kikyo123,128f7029-ad95-3d16-a9bc-f7b1c2eae3aa
panx0o,99582e11-8f39-3e39-b650-2ec48d7a81cc
inti_sunny,6e3ed0a2-fc77-3567-a334-eb728c260bec
vish0,a217dc68-36d2-3674-a629-cb577d893823
gransaiyaman,b281e3da-304e-3087-8cd1-de79949706f9
jusmartina,27e76bbc-3f1e-3f2b-9a8d-12d388850fed
nic_xd09,7980b47c-f3c5-3f3a-be02-cc81dfdbcd75
zappash1,1bda2813-ccbc-3b1c-8771-36174c28050f
raider612,cb59309e-312b-3782-9219-6586201d151f
z3rv3r0,6f9d90c4-13ad-3af9-af35-da4c24fd824c
zazon222,3350521c-05c0-31c3-a316-17f5ea5a08f6
nashos,58c06bd9-4c4f-3932-8e3a-df45cbc38f2f
ppl,9a68697f-7a89-310c-913d-3213b8ec7a12
bongus,faa86d52-6a94-3185-bd25-fa2d95a247b8
martiniiix,a3dd4ad9-46d6-3e7c-873e-03b980bea375
blackiller0401,d78f8fc5-e588-3c5f-a7a4-ef89a3ac8b58
drigo,c06bd1f2-7432-32ac-9d65-5b28f12be105
natcram,c6f76f57-b093-3311-a63f-800d7078c88d
crgiomoreno,72843dc6-fa82-3690-9e71-c8d2a9dd2220
raiden383,535fb7b0-5919-359b-b9e3-9f7d66277535
mabroso,ef2343c4-b00e-3f43-83c2-b32affd84d94
645362,6e0aa90c-166f-3f35-9404-c74008102c4e
maguinium,93e7c064-1276-34cc-911f-3633093b9e16
zsirdarkkuro_,407fa2cf-e8c6-36b3-b7de-682ecab4276d
matiaas,d39174f3-8e86-3059-9750-f950e092f0ae
joacojajaxd2011,4e86e09d-01b3-3275-8b59-f5cf4f89cf4d
nxt4lia,b1da075b-1a53-3a67-bfe8-1219cba90c21
jdma2000,9fbb810d-e357-3546-972f-cccf4f9534e1
sth3fan0,d1c4f539-fe68-318f-986c-a8847167e0f3
pepe,7a067f19-b48d-3c6e-9039-8f37f64def1f
thebasnex,02ea5f9b-de4d-35c8-857e-b24bb7a31bc2
eric,6de78518-e853-3c3e-8894-f492c4f89f28
aronpiper,79766439-ff85-399e-870c-cf8dddb7958a
ruxur_jfc,ae857be2-dee8-3ab1-aaff-857a308445d0
danidurazno,38560a2d-0346-3d64-b9f8-486787126a6f
chrollo,9011cbc2-9118-328b-8f56-a8c08ab76ed7
visho00,ea87c055-7dd9-36d0-92bb-4fa78a8d214b
frenton,41bc1d84-f2cf-3e65-b873-167f00487610
panacota2133,acb3b221-041f-3ffd-9b87-c931e6c5b46c
walls34,c8b42219-7090-376b-91fa-b8e4c2f1bf52
cerezo1,17dee2a5-1b26-3fa5-ae7b-d9b98df585af
killmine_kuro,fe7ea662-99da-3573-a0f8-d4061dfc572a
sofoko,873e2cb7-cf0c-3c74-82b4-9dedcd13aa2f
j4ck,53db21ad-5810-3c8b-ad05-ea02cfed2c25
cartawe,f53fe543-c1e0-37a3-93af-51a27c7ea7d4
fatkat60312,71b22ba1-15ce-3c8e-8121-5c7ff4b92c94
axel_27,5fd23102-19b3-3e2c-a94a-43f7d1e6371f
bruninsquis,d95d14b0-e321-3c1b-bbdd-b7b42f91a2b1
charliegamer2020,e1bfda5e-29dc-3263-8159-f30fda4f43d8
finn__vr,2dfcfb8e-8525-3537-890b-cc74e0ce7502
azgo,08e25c74-a86f-32a2-b52c-e91096662f07
im_xel0,70bc6543-dda3-38c7-af58-18472b22d6ae
layan,3a8b2bde-aa1b-34c7-b408-6e34ca664358
nachico01,6282646e-3217-31e0-932a-81ab38986eab
paltuki,27ee2673-67c5-36ca-9f47-bfc9ca239591
mativice,6d788288-b747-31a8-8580-d669b58240f6
shiro45,9ddc340c-a53b-3014-a10e-05d78d1f7041
dani,25a6e036-1424-3aad-8eb7-dac5960d29b6
mrred404owo,21ef206a-f666-3d7f-8a7b-c47543a10961
daniiiii6,9504288a-75c8-36d7-ac11-63749ab2c6df
arepafrancesa,b69a970d-34c0-36d5-929a-6d0517e30428
aetherringo,ec2910a2-fcf3-3ba6-8c22-996bb512e205
zaku,e8ef8bfa-192d-3def-a256-6e7095742d84
trilux,091cc323-992a-39dd-8a29-80bb796b33b8
potitotkm,14aa77c0-7d7c-3233-a753-4a8a10cfb7a0
zaidcot,e2eea729-6589-3e1e-9ad9-5005e60e2ebf
killminekuro,3ee51148-c9a2-3acc-bcc2-5ef45e336a5c
vish00o,bd4487a5-fbf8-3cb0-b344-985766a7b203
themamberroi,49d238a0-55be-37ee-87c0-fd02a66e0cb0
kaisos,aef877ca-1dda-346e-9a1e-fefe92b3b6f5
zpeedyy,c379f3ec-6d08-3299-8cc7-8205fc0640c1
reveluv12,41ac1388-2b07-3668-b2e1-ed7c46015353
kaidrake,d01dabb8-9e15-38bb-aec6-7b13209ada15
storbo22,01962f24-65d2-3cf0-bc30-f563630c3a47
blitziam,3fe6bf99-6cc9-3422-9e00-5234aba5dabb
xatoh,9629b9a4-e732-376d-b7e7-032e3e1520a5
kokempv,d3e75d06-b55d-3862-8f1b-112f7c91a7f9
panaino001,cef02b91-9014-3953-bd57-e298a434dcb9
bocchicomunista,872b7493-b96b-3f15-8b60-33c60b555aad
cony,b5933661-8fd9-348d-b9cb-42b0047adc69
maldito_baka,7b2cd050-f4da-3051-942c-4ace93e83c1b
pankowsito,11525eb5-8bb5-3db8-b273-97aed8c1ac24
aweonaoelqueleea,edde8daa-a57d-3767-a265-870e887348f7
svleming,72642d68-86c0-3eff-a144-c41cf3954152
binskyspecial,aac73bd0-4a8b-312c-a208-42ce841e2768
lordpalomauwu,6c28e48d-b42e-3bb8-a17c-972aa5a82d05
maty,93677bf4-eead-3b9a-af62-4489a6384fed
katumath,0ee6d7be-b50b-3a94-9efc-723a65d3efa8
sonicblack,b4b589db-9611-3f3a-9152-53de823ddbf0
genmashiranui,ba726d72-1e94-3659-b9a9-0f85fd939602
doruzx,da590cb9-36ba-32c5-aeb4-023fd62058fb
cookiemacree,bfa8ae37-23ba-3745-889e-f8e5b5b647d1
creptor4,c433316c-6e2b-3b6f-9415-9e6ff80d7d7d
kutabare,5e554c4b-12fc-349f-a609-cc5287ec8abd
gusdrog45_yt,fd4d9d6a-6234-3b87-9c35-08cead26e0b4
yoongiiimiau,93a796e0-2c3f-3d31-8964-93d1b7841780
killmine,b8acb4df-98e2-386b-b4d7-9944cf6f4014
wea,3764ff9f-7253-3e10-96c9-90c29a59228b
mtl88,57a3dbbc-e7aa-3f5a-9f29-6070fe4b1b11
idongatol,81fa1a1b-3c1f-3047-8e4f-859bd14e1157
gabo716,d1951b34-0b06-3b91-bdc8-5d6b3462f160
astrovio,5eb2918d-710b-33b1-a136-f9858c94d9e7
bubba1312,047f73cb-d1d7-3daf-826b-ddfa47ddec97
chedugamer,0f38f4e6-f232-347f-84ed-b58563eef142
joelopomelo,a3b3128f-bc9d-3cb5-8341-55b999b5d598
tiramisushi,8d3eb25f-9f10-39dd-b803-b870da7f1a7a
flofloo,eea9cee3-8a11-3f46-bd46-fe2952bf4fbb
elguruguru,4e6f8d55-ded1-3655-98ca-704ddd3bd46f
elekisde,d2d134db-eab3-3549-8ac5-fdbbcbd69f5f
guishelmo,1b88b650-e45e-3d3b-ac1f-a57d62127e4d
mr_zarex,d2400ac6-2d24-368b-bc9a-deb66e0fbab8
ichi6o05,5a9eddf5-d6a9-37bf-8083-3efb0e1714b0
andrewytelpro,f27a4ad6-d05a-31e1-8196-80de8d3de499
lia5696a,5eb84654-271c-3740-b260-d916982056ad
tio_pikachu,495a7d12-4366-3e4b-a070-8e651606f233
nobaittap,e6135186-0e07-3376-9bcb-65ea7bce89aa
elbeca,a91df703-b885-368b-8868-0ce3e85a3995
jaleai,942583c9-edd2-33c3-af92-7a3440d3aab7
erulus,1ffca542-4ec7-3098-8a36-559ac28c1535
d1l4n1x,80fd98b8-7249-3778-b8dc-7af1d8ae5a8c
pipe2311,47024d27-4ae6-3a5c-9c34-ea8942a986f6
catita,da8f3a38-74b0-350b-8c01-75c119d9f489
megune,dc33c56c-876a-32d2-80a3-5aba8ea5cad6
phokz,42580df8-d6d6-3e6b-b567-ef999570d943
pablo,46e2f2fd-0fc6-3a76-aa42-3d7b640d954a
belepapa,33d4a383-89fb-37db-869c-6e37df8b1021
austrel,78f2a027-a472-3f5f-abbb-ec442b5ec5c7
megaplayer64,59f356fb-67e4-33f7-b4e9-e23f9cc579a4
nagaido,a750a078-e193-3028-9ffd-5224fa43daa7
zzking_,c6b68785-9c29-3634-9525-1fb7aaeee97d
_kitaru_,d37d161e-5ad0-3da8-ba32-2771b7bbc00c
youngvack,2aa7aeba-3c80-33a7-887a-3e6c48759a7a
sander_xo,4e269c3f-3754-3ece-b006-fccbcfe324eb
crisis,bd170bf7-6943-383c-99fc-c9d82ea4f7b0
yambo,5a2fd413-d555-3590-a985-6fcb45a6322f
vichido,d1ac0f31-a225-30c6-bb85-a7c398895a86
icatateamo,1e251a63-bd57-3588-8cad-72b477652808
peniguais26,39c8948d-4d54-3d07-90fd-d4e61ce8e6e8
snakecell,3b334c69-c727-3daf-a92c-41c5178326e0
juxnpxhouston,96da49b9-29a6-3c55-ba47-92f6e36ad116
alvaman,90ba7701-4fee-39dc-93ef-27d5631ab483
edux3r,612767db-6131-339f-bb9c-c0c0a0aa08f7
saafigue2726,df7ac309-71aa-3939-aeb5-0583f12f81c8
pardox_34,ff857220-8528-3ed8-b921-5cd91a56dc1c
valkyraeee,d8568da6-8fed-355a-ba35-b55cdc272369
manumanitoo,5a261fb5-06ad-3f16-985a-205e22172c19
one_maverick,677474a5-e981-389c-bf12-62ed94326630
thiago208456,9a211114-a451-3588-8b7d-4313cfe57681
reinosobr,a72b4ee8-173d-3a3d-99d1-21a09d65d0d6
javuwu98,ba8a8619-70da-3faf-b820-bf9bcc00771f
crispsx,4349b9ad-94d0-30a1-9d02-aa32cf1e2463
hecoxes,a794d159-dd61-39bb-b89e-dad81f79f9a8
feirune,c89d08a0-4cd7-3516-8585-76c8d5ac5136
keillesvirus32,bfa3527b-2698-339b-b450-723d3953380e
cebrp,619b8704-1356-3aa2-8df6-17420fd2d434
onny,e724b07b-ff25-3c80-ad4a-1ba7f923e3ff
darkwzzard19,71fc2b53-22d9-312d-8649-83001a4d0548
nizarpik,9fb9c206-a7b0-3a46-af30-beed8d65eeb0
joakobellako,850b99df-456b-3ab2-a9fe-d73d6d7717fa
masterrin,e90be972-1342-3ce5-b422-4ebb86cddb64
ruxurs,76e9f02b-cadb-3656-a5a2-03deb3d3a126
wila,00ada6d6-dc6e-3e13-acb9-827043eb38ae
ramasdebonsai,6ba1fbe0-735a-383c-95bd-89c93eef97f9
vania_py,ebeefcb7-aadc-3243-8675-1be617e08d1c
